,Tweets,Time,Username
0,GeeksでのMaker Faire Bay Area 2014レポートアメリカの現場に行って取材しました。今後アメリカのメイカーズ情報を随時UPするので要チェック。#geeks #makerfairehttp://geeks-keyofmake.com/articles/12 ,12/31/2015,Geeks_KeyOfMake
1,"Happy New Year @julioterra, @onefromme, @BleepBleeps & @makerfaire_uk! #NYE2016pic.twitter.com/kOBgo8FZVO",12/31/2015,Techmog
2,Maker Faire Kansas City Report - Geeks  http://geeks-keyofmake.com/articles/23  #geeks #makerfaire #makerfairekc,1/1/2016,Geeks_KeyOfMake
3,#FF @Kartinca_ru @garavagl5 @alisonjardine @AntonArtCenter @WeirdsvilleD @motorcitystacy @amandalinehan @makerfaire,1/1/2016,MyPositiveION
4,@3DRStreetTeam @bestquads its was the IRIS Makerfaire overflight of people that started my disaffections..,1/1/2016,hotelzululima
5,"Oh, also on the new year's goals list is to exhibit my project at a makerfaire and the local community festival.",1/1/2016,Ascii211
6,"#3dprinting + #StarWars = Brave New Toyworld! @makerfaire  https://twitter.com/makerfaire/status/682297945279082497 …David Jobling added,",1/1/2016,DJobling
7,What will continue to make a big impact on #K12 learning in 2016? Hands-on learning: http://ow.ly/WuARu  @SarahLuchs1 #makerfaire,1/1/2016,NextGenLC
8,@pikotanet 有難う御座いました。またお邪魔しますね。もしMakerFaire東京に当選したら、８月に東京来ます。（夏コミは体力的に無理・・・）,1/1/2016,etcinitd
9,I migliori gadget della #MakerFaire 2015 #nonospite http://goo.gl/soeP1q pic.twitter.com/e1WvHo0B5b,1/1/2016,NotizieVirali
10,"#TheMakerMovement is evolving, expect big things to come #Makerhub #Maker #makerspace #makerfaire",1/11/2016,Maker_Hub
11,I've arrived! So psyched! #FETC #makerspace #makerfaire #edtechpic.twitter.com/Cud67KMdHU,1/11/2016,DerraBanks
12,"RIP #DavidBowie, a Maker with fierce imagination and talent.pic.twitter.com/oHz8EbFshq",1/11/2016,makerfaire
13,"""You just sunk my Copernicium!"" - Why you should play Periodic Table Battleship http://ow.ly/WUfke pic.twitter.com/NWXGy26qmE",1/11/2016,makerfaire
14,Enter our #BeagleBone Green #IoT #contest for a chance 2 win PAID trip 2 MakerFaire Shenzhen!http://bit.ly/1Rpigzz pic.twitter.com/VDFhJFeKiL,1/11/2016,seeedstudio
15,Want to learn/build at RHS's MakerFaire? Fill out!: http://preview.tinyurl.com/ze5fs9c  @GregFarley @RaritanTSA @missOtech @mrsrankl @principalrocket,1/12/2016,A_BildungSROMAN
16,Join the first ever #Beaglebone Green #IoT #contest& win paid trip to #MakerFaire Shenzhen! http://bit.ly/1N47N4D pic.twitter.com/3IUHS3bumc,1/12/2016,seeedstudio
17,Just added @MakerFaireRome @makerfaire_uk @MkeMakerFaire @MakeMunich @MakerFaireParis to our list of 2016 events: http://buff.ly/1PBaWx5 ,1/2/2016,3Dprintbeginner
18,Google Glass 2.0: First Look http://on.wsj.com/1mgYnh5  The 2016 Utilikilt for the San Mateo @MakerFaire crowd is here. A supermodel-free zone.,1/2/2016,ultan
19,Creepiest project award?  CHIPpy Ruxpin has something to say about that...@makerfaire @make @telariumpic.twitter.com/p654jTvHc2,1/20/2016,nextthingco
20,"so proud of Ss projects this #makerfaire,lamp is made from plastic spoons. @gcouros @PacHeights36 @mrsfadum #tbtpic.twitter.com/FwVUK8hfSF",1/21/2016,unruh_j
21,Thanks @CalebKraft for covering the first #MakerFaire Global Producers Summit http://ow.ly/XvrvL  pic.twitter.com/m383HjBYsx #MFGlobal16,1/25/2016,sannmer
22,MT @SCTechBeat: Makers! @scmakerfaire mini #MakerFaire 4/16http://www.santacruztechbeat.com/2016/01/28/santa-cruz-mini-maker-faire/ …#SantaCruzTech @GatewayHOSpic.twitter.com/I0v3JYdZSW,1/28/2016,MBARI_News
23,We're really excited to be part of @makerfairemiami #Maker Talks hosted by @ShapeMiami on Feb 20! #MakerFaire #Miamipic.twitter.com/ABBASMOIgd,1/28/2016,PosiblMedia
24,What are your New Year's Resolutions #NoVAedchat? Come join us to share yours! @makerfaire @codeorg #PBL @EdcampUSApic.twitter.com/Yvx9ZiAEv7,1/3/2016,NoVAEdChat
25,"2016: @sxsw speaking twice, @FITC Toronto, @makerfaire Austin, 1st cruise Star Wars! A Prediction: http://goo.gl/Yus7SY  More to come!",1/4/2016,jaredrawk
26,"NEWS - @Anne_Hidalgo soutient la @MakerFaireParis 2016 #mfp16 #makerfaire  https://twitter.com/nicolas_barrial/status/684808561415876609 …Makery added,",1/6/2016,makeryfr
27,Very cool @BNBuzz Barnes & Noble Celebrating Educator Appreciation Days by Giving Away Free MakerSpace http://3dprint.com/114142/barnes-noble-makerspace/ …  #makerfaire,1/7/2016,SherryHuss
28,Infographic | The Rise of #MakerEd http://gettingsmart.com/2015/11/infographic-the-rise-of-maker-ed/ … @getting_smart @littlebits #makerfaire #maker #stempic.twitter.com/hFrOwTHjKX,1/7/2016,CarriSchneider
29,Never been to a Maker Faire before? Check out our video from 2015 to see what it's all about: https://www.youtube.com/watch?v=39qTUOmQPwk … #makers #makerfaire,1/7/2016,edmakerfaire
30,"Call for Makers is LIVE for Bay Area @makerfaire 2016! https://twitter.com/makerfaire/status/685592754844340224 …Make: added,",1/8/2016,make
31,@STEAMCarnival @NumbersAlive! would like to join with an activity.  We do #MakerFaire and other #inventor events. Let's discuss.  #UX #STEAM,1/8/2016,numbersalive
32,"My Makerfaire 2015 talk: ""The Future of Robotics: From Research to Toys""  https://www.youtube.com/watch?v=unbi3q-RxXY …pic.twitter.com/BnSTSFsqcU",1/9/2016,robot_MD
33,Talkin' shop with R2 with the #littleBits Synth Kit at last year's @makerfaire https://vine.co/v/exg22BFvTDd ,1/9/2016,littleBits
34,Call for Bay Area #MakerFaire is now open. We went in 2014 - it's worth the trip! http://ow.ly/WPQXP ,1/9/2016,maker_junior
35,Infographic: The Rise of #MakerEd. Maker Ed has come a long way since the first @MakerFaire http://littlebits.cc/infographic-the-rise-of-maker-ed …pic.twitter.com/mx29CARPRV,2/10/2016,littleBits
36,"Miami Mini Maker Faire continues today - Where all ages come out to learn, play http://www.miamiherald.com/news/business/article61534607.html … @miamiherald @MIA_Made #MakerFaire",2/21/2016,ndahlberg
37,#UpcycledHour picked this lot of blank canvasses this week. Going 2 b for the makerfaire to show kids how to create! pic.twitter.com/Ue8x55769F,2/23/2016,Stu_artaviation
38,"Reminder! Our Science Night, April 13th, is also an official @Make School #MakerFaire! #pvshares #TeamHawkpic.twitter.com/ttulvNWw3G",2/24/2016,TLSHawks
39,The #lego #rov will be visiting the @Raspberry_Pi b'day party - but you'll get to build and dive your own at @LpoolMakeFest & @makerfaire_uk,2/24/2016,darkwaterio
40,Showing a kid the ease of Google Sites so she can create a webpage for her business idea for her TEDtalk for our MakerFaire. Lotta buzzwords,2/26/2016,TheWeirdTeacher
41,"Schools everywhere are starting their own #Makerfaire.  Here is an amazing maker project that was at @KariSawatzky'shttps://twitter.com/karisawatzky/status/702992459064737792 …Makerspaces.com added,",2/26/2016,Makerspaces_com
42,A nation of Makers? Not so much. | ZDNet http://www.zdnet.com/article/a-nation-of-makers-not-so-much/ … @maker @MakerStudios @makerfaire pic.twitter.com/gwNVcXfCRb,2/26/2016,evankirstel
43,I'm excited to return as CEO of Make: http://makezine.com/2016/02/29/dale-dougherty-returns-as-ceo-of-make/ … @make @makerfaire,2/29/2016,dalepd
44,Meet the Cape Cod Maker Episode 1- @ccmakerfaire #MakerFaire #makerspace @make @Makerspaces_comhttp://www.youtube.com/watch?v=CjwLtO_FssI&sns=tw … via @youtube,2/8/2016,mashpeetech
45,"#MakerAnniversary Thank you @Makemagazine @makerfaire @make for all your support, being a #maker is #bliss ~Tenaya~pic.twitter.com/FGkxZB7kzA",3/16/2016,TenayaHurst
46,#makerfaire @makerfaire workshop one done! pic.twitter.com/lQ9IBDMvyb,3/17/2016,MrsLJCumming
47,Makers' Day in Room 13! #pbl #htex #makers @makerfaire @Makerspaces_compic.twitter.com/zauvCa06rj,3/18/2016,htexfrost
48,"We'll be at MakerFaire Bordeaux this weekend with the Ada hand. #HandiLab @Bionicohandhttps://twitter.com/MakerFaireParis/status/712162894390013952 …Open Bionics added,",3/22/2016,openbionics
49,#MakerFaireCairo 3/26 is the first featured @Makerfaire in the Arab community: http://ow.ly/ZU5qz pic.twitter.com/T9YsdQ1mrj,3/24/2016,make
50,My thesis project just got accepted to @makerfaire in May in San Mateo!,3/3/2016,tortaandtequila
51,We're super excited to be heading to @makerfaire_uk next month with #DreamsPS4! http://ow.ly/Z22rG pic.twitter.com/i08NjaZXbE,3/3/2016,mediamolecule
52,"Coolio, just found out my @makerfaire talk was accepted. It's called ""Revision Control Meets Hardware: A Study""",3/31/2016,Chris_Gammell
53,We're teaming up w/ Barnes & Noble to continue in-store Mini #Makerfaire events this year! http://ow.ly/ZdJ4e   @BNBuzz #BNMakerfaire,3/8/2016,make
54,Looking forward 2 @makerfairecville coming soon 2 @monticellohigh #acpsmakes @MakerEdOrg @makerfaire @nationofmakerspic.twitter.com/kahN62jWms,3/9/2016,pammoran
55,Save the date! National Maker Faire is back June 18-19th http://makerfaire.com/national  Hope to see you there! #NatlMF2016pic.twitter.com/312JWRX0Ee,3/9/2016,makerfaire
56,#3Dprinting job complete.Minecraft Bobblehead @ProjectIgnite @YorkMathE #makerfaire #makerEd @IBWorldmag #yorklearnspic.twitter.com/ffrYYGZVC3,4/1/2016,EduShaikh
57,"“Young Makers on the Rise in Egypt”, my story from Maker Faire Cairo.  https://medium.com/make-and-maker-faire/young-makers-on-the-rise-in-egypt-3a0c555d08bf#.f4o5tcbis … @make @makerfaire #makerfairecairo",4/11/2016,dalepd
58,We had a very special visitor today! @Dalepd of @Make: & @MakerFaire flew out to see our #makerspace. #ThankYou!pic.twitter.com/OpUAWVNZr9,4/12/2016,Vocademy
59,My little makers helping and having fun @TLSHawks #makerfaire @PVSDCamarillopic.twitter.com/eFiYeD7TEd,4/13/2016,Runner58446
60,Building a school community of #makers at our @makerfaire. #pvshares #TLSTEAM16pic.twitter.com/ibgBrOe9gP,4/13/2016,TLSHawks
61,"Maker Faires this weekend in Goteberg Sweden, 1st in Vienna, Santa Cruz & Benicia in CA, and Tyler TX.  http://www.makerfaire.com  @makerfaire",4/13/2016,dalepd
62,Hero the Robot working with @makeymakey on student made sign for our @makerfaire. #TLSTEAM16pic.twitter.com/zzcSOny57d,4/13/2016,rwaggonerjr
63,Tierra Linda Science Night and @makerfaire starts at 6:00! Follow great teaching and learning w/ hashtag #TLSTEAM16pic.twitter.com/UgvvH3V73f,4/13/2016,TLSHawks
64,Getting Ready for @makerfaire_uk controls for my #MircoPiNoon robots find them at The Wall of Enlightenmentpic.twitter.com/clfwQrsN6v,4/14/2016,CannonFodder
65,"This is incredible! #makerspace @Makerspaces_com @make @makerfaire @PVSDCamarillohttps://twitter.com/siutatls/status/721060552529698816 …Jay Greenlinger added,",4/15/2016,JayGreenlinger
66,Just booked flights to SF for @Makerfaire -  Also talking at @dorkbotsf Get in touch with suggestions for other geeky stuff.,4/19/2016,mikelectricstuf
67,Large crowds on the first day of the @makerfaire_uk at @scienceatlife #MakerFaireUK Sat&Sun23/24Aprilpic.twitter.com/goKkkiyeBB,4/23/2016,RaoulDixonNNP
68,Making harmonograph patterns with my new Bicycle Pintograph drawing machine at @makerfaire @scienceatlife. Swirly!pic.twitter.com/zwXkTAPLUf,4/24/2016,NickSayers
69,The awesome mega LED cube from @leedshackspace @makerfaire_ukpic.twitter.com/LUF3libZwn,4/24/2016,Makerspace_CPC
70,Another great day today (Sunday) @makerfaire_uk at the @scienceatlife Newcastle #MakerFaireUK @leedshackspacepic.twitter.com/EEmPMCWVRt,4/24/2016,RaoulDixonNNP
71,Out at @makerfaire_uk this morning and loving the lights! @scienceatlifepic.twitter.com/FkLxt0QGBG,4/24/2016,notedpr
72,I'm going to @MakerFaire Bay Area! Hope to see you at the @Hackaday meetup Sat 05/21 #MFBA16http://buff.ly/1TtqEfJ pic.twitter.com/2bOImsYL6M,4/25/2016,asiwatch
73,Still blushing from winning Editors Choice at #MakerFaire NY.We'll be playing at #MFBA16. Get your tix @makerfaire ! pic.twitter.com/WGv2kkXyoW,4/25/2016,KamigamiRobots
74,"Hey, I'm talking about cheeseburgers at the Bay Area MakerFaire this year. You should come!  http://makerfaire.com/bay-area/ ",4/25/2016,willsmith
75,"Always Be Testing @makerfaire. Loads from the @testedcom crew (past, present, and future) on the main stage.pic.twitter.com/vvcvP1cUYL",4/25/2016,sciencequiche
76,"The Capitol Hill #Makerfaire is returning on June 21.  Great way to start the summer!  #capmakerfaire #weekofmakinghttps://twitter.com/YuriBeckelman/status/722789160143204352 …Makerspaces.com added,",4/25/2016,Makerspaces_com
77,Hacking a £2.99 sweet dispenser @Raspberry_Pi @makerfaire @instructables @adafruit  http://www.tecoed.co.uk/r2d2.html pic.twitter.com/5nEI7FrUE6,4/27/2016,Dan_Aldred
78,"Met with Christy and Tanya of Southeast Makers Alliance, organizers of Maker Faire in Atlanta.  @makerfaire @makepic.twitter.com/cfyIozerz0",4/29/2016,dalepd
79,Great news! #MakerFaireShenzhen will be held from 21-23 Oct. Details coming soon http://ow.ly/4ndX9A  @makerfaire pic.twitter.com/dNW5HYNxnH,4/29/2016,seeedstudio
80,My new motto #arduino #wvustreamlab #makerfaire pic.twitter.com/1rVP1JsWMe,4/30/2016,West_VirJillian
81,.@AlexanderTLS showing #PVMakers how @TLSHawks planned their own  #makerfaire @make #makerspace @PVSDCamarillopic.twitter.com/eMY6Xu4kMG,4/4/2016,JayGreenlinger
82,Our Maker Club working on activities for our Science Night and @makerfaire on April 13th! #pvshares #TeamHawkpic.twitter.com/WFIDnMwez8,4/4/2016,TLSHawks
83,Who wants an @TLSHawks school @makerfaire bumper sticker? #TeamHawkpic.twitter.com/vaBtH1tFPV,4/5/2016,rwaggonerjr
84,"I'm speaking at @makerfaire Bay Area - Creating Bluetooth Low Energy Peripherals with Arduino, May 20-22 pic.twitter.com/AXnquoP749",4/7/2016,doncoleman
85,"Demonstrating #creativity & #innovation in Westport, CT #makerfaire #makered #robotics #3dprinting http://m.westport-news.com/news/article/Westport-Mini-Maker-Faire-makes-for-maximum-7385750.php …",5/1/2016,ChrisWeissCT
86,Great Night at #scdsbmaker #makerfaire ! Lots of creative and interesting things happening! @SCDSB_Schoolspic.twitter.com/f7dwZzIoHf,5/12/2016,MrJSouch
87,PHOTOS: 9 incredible #energy technologies you'll see @MakerFaire http://1.usa.gov/1qg52ZZ  #MFBA16 #MakeEnergypic.twitter.com/HpQVpOUXyS,5/12/2016,ENERGY
88,"How to Make a School Maker Faire, a workshop on Friday May 20th at Maker Faire Bay Area in San Mateo. #makerfaire  http://makezine.com/2016/05/12/school-science-fair-maker-faire/ …",5/12/2016,dalepd
89,The #MakerFaire is open! Join us at Nottawasaga Pines until 9 p.m. Make and take activities for all ages! pic.twitter.com/zc1lr9kTcq,5/12/2016,SCDSB_Schools
90,9 cool #energy technologies to expect @MakerFaire http://1.usa.gov/1qg52ZZ  #MFBA16 #MakeEnergypic.twitter.com/rDmCQxLO2y,5/12/2016,ENERGY
91,"#LEGOtinkering linkage #robotband practice jam before #makerfaire, join us @exploratorium @makerfaire next weekend! pic.twitter.com/Vz0pcsSTEx",5/13/2016,ryanejenkins
92,New Intel Technologies to Deliver Amazing Experiences at @makerfaire Bay Area http://intel.ly/1UZhPNs pic.twitter.com/v0DomFdlM0,5/13/2016,intelnews
93,What do you think of this new laptop sticker? Come see us at @makerfaire Bay Area if you want one of your own! pic.twitter.com/8xNR6AkJqT,5/13/2016,Raspberry_Pi
94,.@makerfaire is reimagining the Science Fair: Learn about the #Makerfaire School Program! http://bit.ly/1OqmRfg pic.twitter.com/M4g216NGmY,5/13/2016,make
95,"""The magic of @MakerFaire is that it’s never the same event twice."" http://bit.ly/1VTKVyH  #MFBA16pic.twitter.com/JODcyoiWnE",5/13/2016,arduino
96,@donttrythis Meet Nigel the Purple Dalek driven like a tank at Palatine MakerFaire 5/21. http://tinyurl.com/jkn6ggv pic.twitter.com/dYI9oURpe9,5/15/2016,Dalek_Nigel
97,"Burners! Have you been to @makerfaire? You should. It’s the closest thing to @burningman I’ve seen, only with less dust and more pants.",5/16/2016,willchase
98,RT @gidgev: Ready to Make something? Over 40% of #Makers @makerfaire have hands-on projects for you! #MFBA16pic.twitter.com/OAoYgCBoer,5/16/2016,makerfaire
99,Excited for #makerfaire! Come see us at the Education Stage or in the Young Makers area in Sequoia Hall! #mfba16pic.twitter.com/rZkQVQGhCH,5/16/2016,MakerEdOrg
100,"Ready for #drone builders, #3Dprinters, & breakthrough Intel innovations? #MakerFaire Bay Area, 5/20-22 #MFBA16pic.twitter.com/e4CSdrgQ7b",5/17/2016,intel
101,Some appropriate reading for the trip out to the Bay Area #makerfaire! Who else is going?!? Let's meet up!! #makerpic.twitter.com/wUK72FcFuv,5/17/2016,Geeksmithing
102,At the beach w/ Theo Jansen & an Ordis / Strandbeests @exploratorium starts May 27th -Theo will b @makerfaire Sat pic.twitter.com/yXb5Wx8uGy,5/18/2016,TinkeringStudio
103,Go check out my squad @ispiklz @DJQbert @djdstyles @Shortkut @yogafrog @djhardrich at @makerfaire this Sat! SanMateo pic.twitter.com/Qd5V7Y1QHO,5/19/2016,mixmastermike
104,"My favorite master #Mythbuster himself @donttrythis, 6 years (so far) of inspiring #MakerFaire moments in #metaphotopic.twitter.com/7tPvAS07Uf",5/19/2016,MakerSylvia
105,"At #MakerFaire, you might bump into the team behind this manned multicopter: http://intel.ly/1OClwlp  #drones #MFBA16pic.twitter.com/fiUTuzBSde",5/19/2016,intel
106,Ready for #drones @MakerFaire? See what it’s like to fly 100 robots together: http://intel.ly/1ThXPX5  #MFBA16pic.twitter.com/m8AT0odFjz,5/19/2016,intel
107,"Don't miss @makerfaire this weekend! @arduino, @kickstarter and many more will be there. http://bit.ly/1qvN4mA pic.twitter.com/JXKM6GFtRN",5/19/2016,BareConductive
108,Only at @MakerFaire will you see humans opening doors for robots. #MFBA16pic.twitter.com/cGYZaaolfC,5/20/2016,MicrochipMakes
109,"The importance of makers, making, and 'that moment' at #MakerFaire where someone says ""I'm a maker."" - @dalepdpic.twitter.com/5EMNzEKinB",5/20/2016,SDMakerFaire
110,Fire spewing robot octopus?  Check. The @Make #MakerFaire Show & Tell Stage is live on http://twitch.tv/Make !pic.twitter.com/TcJUEyBLP1,5/20/2016,Twitch
111,At @makerfaire you can buy Raspberry Pis and kits from our friends at @mcmelectronics. Look for the huge Pi!pic.twitter.com/nyhcql5Qfb,5/20/2016,Raspberry_Pi
112,We'll be at the Bay Area #MakerFaire this weekend! Follow popularscience on Snapchat for behind the scenes photos! pic.twitter.com/FO9uHFjHiN,5/20/2016,PopSci
113,Don't get lost at Maker Faire! Print out a map and schedule beforehand:pic.twitter.com/LSRBiIZxa7,5/20/2016,makerfaire
114,We were promised fire and contraptions. 5 minutes in: success! #MakerFaire watch on http://twitch.tv/make pic.twitter.com/0vJrII5QGz,5/20/2016,TwitchCreates
115,Makey gives the best handshakes. FRIDAY@Makerfaire has begun! #MFBA16 #makerfaire pic.twitter.com/rhX1as66u3,5/20/2016,makerfaire
116,"OK, @makerfaire Bay Area! We're ready for you! pic.twitter.com/869I2okaAp",5/20/2016,Raspberry_Pi
117,"When you don't come prepared with a fancy display at #MakerFaire, you make one of course! #OpenAPSpic.twitter.com/du71MBhgGS",5/20/2016,hannemannemann
118,Cool kinetic sculpture.  A portrait of resonance and chaos by Joel Dream. #MakerFaire pic.twitter.com/6AMTnbT8ei,5/20/2016,dalepd
119,These women use #STEM as their instrument to change the world: http://intel.ly/1OEfsJh  #iQ #MakerFaire pic.twitter.com/VraL2q31iy,5/20/2016,intel
120,"There are 100,000 schools in America. There should be at least 100,000 maker spaces. -@dalepd #makerfaire #mfba16pic.twitter.com/8tepqgK2vH",5/20/2016,msenese
121,Twice as many people will attend this weekend's @makerfaire than attended the Superbowl.  San Mateo will more than double in size.,5/20/2016,ScottMcGrew
122,Come find us this weekend at @makerfaire Bay Area. Tons of Raspberry Pi-related stuff in Zone 2 (aka Expo Hall): pic.twitter.com/6GDpgg1OuV,5/20/2016,Raspberry_Pi
123,Warm up sound check before the @ispiklz arrive for the #makerfaire  performances. At the #intel… https://www.instagram.com/p/BFsks4ZyPMT/ ,5/21/2016,DJQbert
124,A glimpse of the #OpenAPS Hack Your Diabetes table at today's #MakerFaire #MFBA16pic.twitter.com/DSAkf6EDiM,5/21/2016,scottmace
125,"Drones and etextile fashion, of course, at #MFBA16 @makerfaire pic.twitter.com/Z9ue2FLLme",5/21/2016,sdavee
126,We're loving this student-created banana piano @makerfaire! #makered #steampic.twitter.com/BY0X9DSDev,5/21/2016,AmazonEdu
127,It's a robot's world and we just live in it #makerfaire #Daytwo #MFBA16pic.twitter.com/Y9s5atqkd4,5/21/2016,makerfaire
128,Great interactive inventions for young people to program @artbottoys @makerfaire #mfba2016pic.twitter.com/9n297EQ0Hz,5/21/2016,techbridgegirls
129,Sightings from Saturday @makerfaire #intel #MFBA16 #Arduino101pic.twitter.com/rbKivMq0B4,5/21/2016,intel
130,Making Dis-integrated Circuits by @oskay of @EMSL & Eric Schlaepfer of http://TubeTime.us/   #Makerfaire #mfba16pic.twitter.com/7iyniuZByT,5/21/2016,oshpark
131,Here's a wooden Game Boy made by Jonathan and @shuman_projects. Naturally there's a Raspberry Pi inside! #MakerFaire pic.twitter.com/wAtlnmgtKb,5/21/2016,Raspberry_Pi
132,If I could make anything... our #youngmakers chalk wall has invited tons of fun responses @makerfaire #MFBA16pic.twitter.com/YTefddkb4U,5/21/2016,MakerEdOrg
133,Drone racing at @makerfaire! That's @ZoeFPV in the green quad. #fpvflying #fpv #MakerFaire #quadcopterpic.twitter.com/6deLOOoRoi,5/21/2016,TheDroneGirl
134,"A 3D printed jeep, functional #Fallout4 Shishkebab, and more! Catch the #MakerFaire on http://twitch.tv/make pic.twitter.com/YoNmrROAXv",5/21/2016,Twitch
135,Watch this simple robot bounce on a trampoline #MakerFaire pic.twitter.com/aItCEBtrUu,5/21/2016,PopSci
136,.@Kniterate wants to 3-D print your clothes #MakerFaire pic.twitter.com/fBdGoHgKN6,5/21/2016,PopSci
137,"Hi, my name is Roy! Welcome to @makerfaire! #WoodenRobotpic.twitter.com/UnW2b5BPAN",5/21/2016,patrickm02L
138,#Ordis is at #MakerFaire. Walking at the Exploratorium booth. #Strandbeest artist Theo Jansen on main stage at 5pmpic.twitter.com/Blu2Bkyi3f,5/21/2016,exploratorium
139,"If you can’t be at #MakerFaire today, join 1,500 other excited viewers and watch our @Twitch live stream, https://www.twitch.tv/make . #MFBA16",5/21/2016,make
140,This is the booth you’re looking for. May the TI LaunchPad kit be with you. #MakerFaire #R2D2pic.twitter.com/nLqrEs4uYm,5/21/2016,TXInstruments
141,We need your kelp. Stop by our tent at the #MakerFaire to take the Kelp Forest Challenge! #MFBA16 #MBAqEdpic.twitter.com/VsSoVdB4pE,5/21/2016,MontereyAq
142,"The team is up and at 'em at @makerfaire! Come say hello, try a Raspberry Pi 3, and grab a sticker. #MakerFaire pic.twitter.com/mjYOiPBKGy",5/21/2016,Raspberry_Pi
143,BAD NEWS!  I'm going to miss @makerfaire Bay Area bcs my visa wasn't ready in time. Worst possible FOMO right now. pic.twitter.com/61bBin5z95,5/21/2016,SimoneGiertz
144,Thank you @makerfaire 2016! Here are some favorite highlights. #Intel #MFBA16pic.twitter.com/brzSqtXcwn,5/22/2016,intel
145,Adam Savage inspires crowds at #Makerfaire Bay Area: http://bit.ly/1sMvZa4  #MFBA16pic.twitter.com/HzdYgAnkny,5/22/2016,make
146,I rode a robot giraffe into #MakerFaire. Because @makerfaire. #MFBA16pic.twitter.com/G1oWYev1qU,5/22/2016,donttrythis
147,Had such an AMAZING time at #makerfaire today. #MFBA16pic.twitter.com/yLCCjeBzvM,5/22/2016,donttrythis
148,“The best myth busted for me is that you need a science degree to be a scientist” http://bit.ly/1sMvZa4  #MFBA16pic.twitter.com/AnRDaRXiz3,5/22/2016,makerfaire
149,Draaaaaagon! <3 <3 <3 #MakerFaire #DragonSpottinghttps://vine.co/v/iEPZeB0VVWQ ,5/22/2016,PaintYourDragon
150,"Corrugated cardboard is a gateway to all making for kids via @donttrythis #makered #MakerFaire - e.g., see http://www.makereducation.com/cardboard-challenge.html …",5/22/2016,jackiegerstein
151,Amazing experiences from a dragon glow forest to interactive space fighters @makerfaire. #MFBA16pic.twitter.com/jkulLgIy7s,5/22/2016,intel
152,For our friends at #MakerFaire: see our own @MattRichardson on Center Stage in 15 minutes: http://makerfaire.com/maker/entry/56126/ …,5/22/2016,Raspberry_Pi
153,Happiest kid on earth! @donttrythis Thnx @SherryHuss @makerfaire #MFBA16pic.twitter.com/OfoALcsR9u,5/22/2016,IoT4Kids
154,Join or renew your EFF membership with us at #MakerFaire and get new gear! https://www.eff.org/event/eff-maker-faire-bay-area …pic.twitter.com/ZDyFNY0mV8,5/22/2016,EFF
155,The #MakeEnergy team shows off their awards. Thanks to @makerfaire for the sweet recognition! #MFBA16pic.twitter.com/Ds3czZ1S3C,5/22/2016,ENERGY
156,"Coming up on the @Make #MakerFaire stream: 3D Printing, LEGOs, and Adam Savage! http://twitch.tv/make pic.twitter.com/HAbJCJHNki",5/22/2016,Twitch
157,Sunday morning sermon for Makers from Adam Savage and his mount is the electric Giraffe.  #MakerFaire pic.twitter.com/PpySpfS93g,5/22/2016,dalepd
158,"Yup, that's me putting finishing touches on my talk on the way to #MakerFaire. I'll be in Zone 5 at noon! #MFBA16pic.twitter.com/QAQVOYe04S",5/22/2016,donttrythis
159,LEGO Wind Power  Check out a mini metropolis at #MakerFaire powered by #wind energy! #MakeEnergy #MFBA16 @Makehttps://amp.twimg.com/v/b4497277-1eeb-4436-a15d-4ee14a42ccad …,5/22/2016,ENERGY
160,Please support @kumasihive  #makerspace in #ghana: http://bit.ly/kumasi   #MakerFaire #ict4d #3dprinting #3d4d #innovation,5/22/2016,annawillcreate
161,"Wow, we were absolutely SWAMPED yesterday at #MakerFaire. Stop by today to get hands-on with Pi 3 and the Sense HAT! pic.twitter.com/oisc7gMJEp",5/22/2016,Raspberry_Pi
162,Our engineers shared the recent success of the Nodes sats + plans for upcoming missions @makerfaire #MFBA16pic.twitter.com/73pe3B3lWo,5/23/2016,NASAAmes
163,"#Oracle's @jrwashley: Innovation is not the device, rather the process behind its creation. #MakerFaire pic.twitter.com/L8PmhUdY5q",5/23/2016,Oracle
164,How can you improve the relationship between employees and tools? #Oracle's @jrwashley discusses at #MakerFaire pic.twitter.com/CuE06ufKG1,5/23/2016,Oracle
165,"California: tell your lawmakers to vote against bills that could ban drone combat games, like those at #MakerFaire https://eff.org/dronesports ",5/23/2016,EFF
166,"Maker Faires are a great way to engage students,foster their creativity, & get them excited about STEM! #MakerFaire  http://time.com/4344680/maker-faires/ …",5/24/2016,arneduncan
167,"In this Still Untitled, we talk about my weekend, which spanned @makerfaire and a @StarTrekMovie event in LA!http://www.tested.com/art/makers/572197-maker-faire-2016-recap-still-untitled-adam-savage-project-52416/ …",5/24/2016,donttrythis
168,@DJQbert was a playsure meeting you shout out to @makerfaire for make this happen #MusicMaker #hiphoppic.twitter.com/idFvIVkCKm,5/24/2016,dailylaurel
169,A few things I picked up at the @makerfaire in San Mateo.  @make had a #raspberrypi  getti… http://ift.tt/1NNWGnP pic.twitter.com/8bsOp813KC,5/25/2016,TBmakes
170,Cool (and complex) mechanism made @makerfaire last weekend! It's running off of a single motor #LEGOtinkeringpic.twitter.com/KkhGKlbn8b,5/26/2016,TinkeringStudio
171,"One of my favorites #MakerFaire had to be @CworthDynamics lightsaber, printed on the @formlabs Form 2. I need one!pic.twitter.com/raqfTJJpFQ",5/26/2016,chinbeard
172,The question about how to deal with people who denigrate your work just about broke my heart. #MFBA16 @makerfaire http://www.tested.com/art/makers/572490-adam-savages-maker-faire-2016-talk/ …,5/28/2016,donttrythis
173,European Maker Week includes 500+ events & the first #Makerfaire at the European Parliament: http://bit.ly/1XYvNQm pic.twitter.com/3WgywnhTzL,5/29/2016,make
174,Didn’t get to go to @makerfaire? Have a look around in 360˚ !https://youtu.be/BAjwmPPaRvU @makepic.twitter.com/teqe253wBJ,5/29/2016,iliketomakestuf
175,Send kids on an unforgettable #STEAM adventure at #MakerFaire. Learn more about #MakerFund: http://bit.ly/1rf7BfF  #SVGives,5/3/2016,make
176,"Many of you asked for this, so here it is: a transcript of my @makerfaire talk! Q&A coming separately. http://www.tested.com/art/makers/572766-transcript-adam-savages-2016-bay-area-maker-faire-talk/ …",5/31/2016,donttrythis
177,Food is the new internet http://bit.ly/1XNBcJU  First heard about the impact of small farm robots when we did #MakerFaire Detroit,5/31/2016,timoreilly
178,Heading to SF in a couple weeks! Totally going to hit up @calacademy and @exploratorium. And of course @makerfaire,5/4/2016,thephysicsgirl
179,#MakerFaire in Vienna. If you missed it check our blog. #3Dprinting #tech #maker #innovation http://tvaroch.sk/blog/maker-faire-vienna/ …pic.twitter.com/eBMdveosrp,5/4/2016,Tvaroch3D
180,Come see #OpenAPS @ #MakerFaire Bay Area May 20 - 22! We'll have a table all weekend and a presentation on Saturday. pic.twitter.com/3RuCtv8Gpl,5/5/2016,hannemannemann
181,@ArduinoOrg + @NordicTweets at #MakerFaire Bay Area = #ArduinoPrimo #newboardspic.twitter.com/zbm3K5QaMV,5/6/2016,NordicTweets
182,We are having so much fun at #Makerfairetaiwan! Come and join us! @makerfaire pic.twitter.com/9ZC7skUziL,5/7/2016,seeedstudio
183,Bay Area Students Will Get a Field Trip @MakerFaire.  Thanks to LinkedIn and other funders. #makerfaire http://makezine.com/2016/05/06/friday-at-maker-faire/ …,5/8/2016,dalepd
184,"""How do you keep inspired when people denigrate your work? You find your communities."" @donttrythis @makerfaire http://bit.ly/1WYZOjs ",6/1/2016,testedcom
185,My audience Q&A from @makerfaire includes a well-deserved shout-out to @therpf. http://www.tested.com/art/makers/572770-transcript-adam-savages-q-2016-bay-area-maker-faire/ …,6/1/2016,donttrythis
186,"""Making is also writing and dance and filmmaking and singing and photography and cosplay."" @donttrythis http://bit.ly/1RNAuVT  @makerfaire",6/1/2016,testedcom
187,Build your own Modular Animal Robots with the Animech Project: http://bit.ly/24jcelu  Seen at @makerfaire! pic.twitter.com/1ccO2kxckk,6/1/2016,make
188,Special #MakeMonday Announcement! We'll be at the National @makerfaire in Washington D.C. June 18th & 19th! pic.twitter.com/Z6qFpGnhZm,6/13/2016,RadioShack
189,Every Classroom Should Be A Maker Space http://www.hightechhigh.org/unboxed/issue14/every_classroom_should_be_a_maker_space/ … #makerspace #MakerFaire #edchatpic.twitter.com/kN4f6MBgAt,6/15/2016,mraspinall
190,North County is ch-ch-chugging fast towards an awesome weekend! http://makezine.com/2016/06/15/san-diegos-maker-faire-on-fathers-day-weekend/ … via @make #makerfaire #sandiego,6/16/2016,SDMakerFaire
191,Looking forward to meeting everyone at #NMF16 The Past and Future of DIY Health Technology http://makerfaire.com/maker/entry/57843/ … via @makerfaire,6/16/2016,jfgm
192,Pinbox 3000 rocks Makey for National Maker Faire.  #makerfaire pic.twitter.com/jGaVsQNxpx,6/17/2016,dalepd
193,See some of the amazing things the #NationalLabs make. #NationofMakers #WeekofMaking @MakerFairehttps://amp.twimg.com/v/7ba3ff97-736f-4569-8252-9ec7469c6ccd …,6/17/2016,ENERGY
194,Join us @MakerFaire in DC to see how #3Dprinting can be used in #wind manufacturing! http://energy.gov/eere/amo/articles/global-wind-day-2016-amo-s-role-applying-3d-printing-wind-blade-mold-manufacturing … #NMF16pic.twitter.com/a4zlSpyPnX,6/17/2016,ENERGY
195,Think. Make. Innovate. That's what our #NationalLabs do every day. @MakerFaire #MFBA16 #MakerFairehttps://amp.twimg.com/v/ef2d170d-8d19-4939-8017-2f065524bd53 …,6/17/2016,ENERGY
196,@NickCannon Big S/o to Nick for stoping by @ Washington D.C @makerfaire  - Had the opportunity to meet him ,6/18/2016,RealestMind
197,"At the National @MakerFaire, @NSF staff and @Virginia_Tech researchers demoed the DreamVendor. #NationOfMakerspic.twitter.com/wf1lR2tKHO",6/18/2016,NSF
198,Reality will never look the same.  VR for toddlers at National Maker Faire #makerfaire #nationof makerspic.twitter.com/hYgUn24kJk,6/18/2016,dalepd
199,Talking about the future of education @natlmakerfaire! @makerfaire #makered #nationofmakerspic.twitter.com/AcWMEshfnj,6/18/2016,DigitalPromise
200,"This weekend !  National #MakerFaire is in Washington, DC http://buff.ly/1UinvAb  @makerfaire #makerED #makerspacespic.twitter.com/vrpIdwHoUI",6/18/2016,Makerspaces_com
201,From our @NatlMakerFaire family to yours - Thx for a wonderful Faire! See you next year! @NationOfMakers @makerfaire pic.twitter.com/EIpozAXXEF,6/19/2016,natlmakerfaire
202,"Thanks to all of the ""Best in Class"" awards for #makerEd inspiration #NMF16 @makerfaire pic.twitter.com/DTVzK3x6KM",6/19/2016,sdavee
203,Minecraft building competition at our #makerfaire pop up! #makerfaire #nmf16 #bnmakers #NationOfMakerspic.twitter.com/w1FDmXeGQy,6/19/2016,BNRockville
204,Amazing stuff going on at the national @makerfaire in Washington. It is great to see what the #makers are creating. http://makezine.com/2016/06/18/live-blog-national-maker-faire/ …,6/19/2016,balajivis
205,Inspired time in DC attending @WhiteHouse #NationOfMakers and National #MakerFaire. Now some last minute sightseeing pic.twitter.com/X09YbR4RKG,6/19/2016,benasmith
206,Drone combat? Drone racing? Here's a photo recap of @makerfaire 2016! http://bit.ly/1TLyorE pic.twitter.com/gy3WZQuDWk,6/2/2016,TheDroneGirl
207,"Playing a beautiful, amazing sounding carbon fiber violin at the Congressional @makerfaire #CapMakerFairepic.twitter.com/wyQFAz8nCf",6/21/2016,sdavee
208,"Don't Just Attend the World #MakerFaire. Apply to Present, Perform, Exhibit http://theinnovativeeducator.blogspot.com/2016/06/4-steps-to-apply-to-world-makerfaire.html …pic.twitter.com/ywtEVvfrno",6/22/2016,InnovativeEdu
209,K–12 Maker Initiative Captures Spotlight at DC National #MakerFaire! http://buff.ly/28QTtoc  #iot #stempic.twitter.com/wua24mpbQv,6/23/2016,LauraGilchrist4
210,Getting ready for #makerfaire #Singapore #dmand @SUTD_DManD @makerfaire @MakerFaireSG #3dprinting @sutdsgpic.twitter.com/L9Rwd0MBkc,6/23/2016,SENATOR_PAVLVS
211,The Hardware Ecosystem: @fablab @hacksterio @kickstarter @makerfaire @Indiegogo @CES -> http://www.slideshare.net/haxlr8r/hardware-trends-2016/11 …pic.twitter.com/izvb7f7Sei,6/27/2016,hax_co
212,@ksuiteach is so proud to announce that we are an official affiliate of #makercamp with @makerfaire #makercamp2016 @BagwellCollege @KSUITEC,6/30/2016,Stephsteph83
213,"""Making is also writing and dance and filmmaking and singing and photography and cosplay."" @donttrythis http://bit.ly/1RNAuVT  @makerfaire",6/5/2016,testedcom
214,.@DJQbert's @ThudRumble company showcases experimental DJ gear at @makerfaire http://bit.ly/22KGTsU pic.twitter.com/8hnNpGRFrf,6/6/2016,DJcity
215,Highlights of the 2016 @MakerFaire - so many incredible projects! #mfba16 http://bit.ly/243EQPL  via @mamasmilespic.twitter.com/pZmjauAavv,6/9/2016,pragmaticmom
216,"Forget the Mall. These Days, Teens Go to Library Makerspaces: http://bit.ly/1S5YpQy  #edtechchat #maker #makerfaire pic.twitter.com/D6Ii97UZBW",7/2/2016,EdSurge
217,Are you a #Maker? Call for Makers still open for @MakerFaire NY 2016! Apply today. #wmf16 #makerfaire #NYSCI http://whtc.co/a695  #WMF16,7/20/2016,gidgev
218,@OfficialUCNJ 2nd Annual MakerFaire! If you are in the area...please stop by from 10-2pm! @Makerspaces_com @NJEApic.twitter.com/Kw6qy94py9,7/21/2016,mrnavas
219,"So many boards, so little time! Prep for @MakerFaire & check out different #IoT boards: http://spr.ly/6016Bx5xw  @Ch9pic.twitter.com/FrHPyDNQd9",7/23/2016,MSFTImagine
220,"Making it: The hands-on movement that impacts our economy, education and culture #makerfaire @IoT4Kids  http://www.recode.net/2016/7/26/12275036/makers-movement-children-education-technology-stem?utm_campaign=www.recode.net&utm_content=entry&utm_medium=social&utm_source=twitter … via @Recode",7/26/2016,SherryHuss
221,well said...    #HenryFord #Museum #Detroit #MakerFaire! pic.twitter.com/a5IS8FlFZ1,7/27/2016,Dr_Blankenstein
222,Why get a Teensy at #MakerFaire? ① Small footprint② Arduino compatible ③ Kinetis & #ARMhttp://oak.ctx.ly/r/4wlzq pic.twitter.com/RchHPV9o7t,7/28/2016,NXP
223,Watch @sherryhuss give a fun preview of @makerfaire Detroit on http://twitch.tv/make  at 1pm today. Tune in!pic.twitter.com/J71hqQXm61,7/29/2016,make
224,Partnered with @make: See giant robots and more! LIVE from @MakerFaire Detroit this weekend: http://makezine.com/2016/07/29/this-weekend-tune-in-on-twitch-for-our-maker-faire-detroit-adventure/ …pic.twitter.com/UC2AhupZKu,7/29/2016,TwitchCreates
225,Thx @hkellstrom for arranging this awesome experience! Fun to play & see lots of kids engaged. #saslearn #MakerFaire pic.twitter.com/CytjcNGOSP,7/30/2016,julievkelley
226,"Catch #MakerFaire Detroit live on @Twitch w/us today + tomorrow https://www.twitch.tv/make  Next up, Innovation Garage!",7/30/2016,make
227,Love me some Power Racing!@makerfaire #MakerFaireDetroitpic.twitter.com/TbFA816Juk,7/31/2016,JohnGallias
228,We're also at the Detroit MakerFaire today so come by and say hi! #MakerFaireDetroit,7/31/2016,andymarkinc
229,"NANTES is really AWESOME, INCREDIBLE UNIQUE and FASCINATING @MakerFaireNTE @makerfaire @Johanna_Rolland  @SherryHuss pic.twitter.com/cIPwxeDZ9R",7/9/2016,franckytrichet
230,Having an awesome day @RenoMakerFaire #makerfaire pic.twitter.com/AF4A5o5gms,7/9/2016,emmafletcher
231,"95,000 attendees. 950 Makers. 2 days. 1 must-see event.Join us at World @MakerFaire! http://mwne.ws/2bjaW7n pic.twitter.com/znH2bV6PJA",8/10/2016,MicrochipMakes
232,Update of global @makerfaire  #makermovement with Sabrina and Dale in #fab12 cc: @MakerFaireBiopic.twitter.com/1Ihee6Qd06,8/12/2016,nerea_diaz_
233,#Maker w/a a #venture? Join @RoadPitch @vtcairncross to maker your pitch a winner WED at @generatorvt : https://www.eventbrite.com/e/road-pitch-and-makerfaire-at-generator-tickets-27015669595 … #makerfaire,8/15/2016,lhtorres
234,"Maker Faires this weekend in Tulsa, Grand Rapids, Calgary and the one in Beijing has already started.  @makerfaire",8/19/2016,dalepd
235,"This wkd for $10-15 we'll help you make a candle votive holder, a jewelry holder, or beaded earrings. #makerfaire  pic.twitter.com/N9Kuaf0C8X",8/26/2016,DovetailWkshop
236,Coming into the entrance to @makerfaire Tokyo. . @NerdyDerby!pic.twitter.com/D1nFEue4Vt,8/5/2016,jaymesdec
237,".@MakerFaire Tokyo is this weekend! @dcuartielles is going, are you? http://bit.ly/2b92EyO pic.twitter.com/FJpUrRuhRx",8/5/2016,arduino
238,Today's @NerdyDerby Grand Champion! @makerfaire Tokyo! pic.twitter.com/4P6BnaWT7o,8/6/2016,jaymesdec
239,Maker Faire  #グリッチティーシャツ買った #makerfaire https://instagram.com/p/BIzvw1SD9_q/ pic.twitter.com/Q4CQHZreYD,8/7/2016,emikusano
240,Microchip Loves Makers! Get ready to see our demos and cool technology @makerfaire New York http://mchp.us/2bTpw4D pic.twitter.com/C4yWtJGh4B,9/1/2016,MicrochipTech
241,The feeling we get when World @makerfaire NY is 1 month away. Are you ready to make something? pic.twitter.com/5jsJwpzLyw,9/1/2016,nysci
242,Live action battleship. @MakerFaireLou Lots of great things here! #MakerFaire #innovationpic.twitter.com/Y9ctxobQlc,9/10/2016,glennwhit
243,@oshpark booth at Portland Mini Makerfaire @OMSI !pic.twitter.com/ym6x8FNZRR,9/10/2016,laen
244,The beautiful & wonderful @inmoov open source 3D printed humanoid robot in Eindhoven @makerfaire @EHVMMFpic.twitter.com/p69YxgPj68,9/10/2016,MakePrintable
245,I am #3dprinting a army of #MakerFaire robots. pic.twitter.com/ghm54KasQ4,9/11/2016,FrogRoom
246,Soldering! #simple circuit #led #soldering #ledbadge #makerfaire #makerpic.twitter.com/m1cCwlq9ur,9/12/2016,EvilpinkyV
247,18 days left until #MakerFaire NYC kicks off - See the schedule here http://makerfaire.com/new-york/  #makerspaces #makerEDpic.twitter.com/v3JTFC11k5,9/12/2016,Makerspaces_com
248,"MakerFaire Tokyo was a lot of fun! ... I need to invent something to come by again next year cc @arduinohttps://twitter.com/make_jp/status/776300191926226945 …David Cuartielles added,",9/15/2016,dcuartielles
249,"Heading to World @MakerFaire? Don’t miss the ""State of Arduino” with @mbanzi on Saturday, October 1st! http://bit.ly/2detJEr  #WMF16pic.twitter.com/DVZyAJEPVZ",9/19/2016,arduino
250,Dropping by at @Makermedia HQ SF today with @makerhep to see their new office! #badass @makerfaire #MAKEpic.twitter.com/26FMNVdesM,9/2/2016,AnoukWipprecht
251,Wise words on the @adafruit invoice  Sounds about right for the week before @makerfaire prep! #somuchmakingpic.twitter.com/S6sbq8Dgww,9/21/2016,annakyoung
252,"This weekend, come see us at @KIDMuseumMD’s #MakerFaire Silver Spring! Details: http://www.makerfairesilverspring.com/attend/  Free stickers for all!pic.twitter.com/SLAOlmageM",9/21/2016,Raspberry_Pi
253,Are you registered yet for the Moat Boat Paddle Battle at @makerfaire? Race to win a #3DPrinter from @seemecnc. http://www.moatboatpaddlebattle.com/register-now-for-mbpb-at-world-maker-faire-2016/ …,9/21/2016,MattStultz
254,We’re less than 10 DAYS away from World @MakerFaire! #WMF16pic.twitter.com/QaoolC23Il,9/21/2016,MicrochipMakes
255,Very pleased 4 @UNDPNepal to support #Kathmandu #MakerFaire showcasing #innovation 4 #development. Join us this weekend @UNDPasiapacpic.twitter.com/MepzOp8Zx0,9/22/2016,renaudmeyer
256,Robotic arm for @makerfaire controlled by the gyroscope and IR RX in #MATRIXCreator #robotics #makers #iotpic.twitter.com/jpQekuxVAU,9/22/2016,MATRIX_Creator
257,You know what we canNOT wait for? World @makerfaire New York! Come see us! https://www.raspberrypi.org/events/world-maker-faire-new-york-2016/ …,9/22/2016,Raspberry_Pi
258,"We can't wait for @makerfaire next wknd. Stop by and drive a robot, and check out the R2-D2 built with VEX IQ parts! #VEXRoboticspic.twitter.com/1fmLOivLNT",9/23/2016,VEXRobotics
259,"we're grateful for people like you! Wouldn't be possibly to have this awesome community otherwise @MarioMagician @makerfaire https://twitter.com/MarioMagician/status/779168407480664064 …Make: added,",9/23/2016,make
260,"Can't wait to see you trot,TrotBot @makerfaire NY http://makerfaire.com/maker/entry/58095/ … via @makerfaire #WMF16 #makerfaire #youngmakers #NYSCI",9/23/2016,makerfaire
261,A huge THANK YOU to all of our sponsors for supporting this year's #MakerFaire  #DMMF16pic.twitter.com/qtorGAEk64,9/23/2016,MakerFaireDERBY
262,That feeling when World @MakerFaire is only a week away... See you there! #WMF16pic.twitter.com/PaFohOYev4,9/24/2016,MicrochipMakes
263,"From DIY robotic creatures, to hacking a Chewbacca mask, don't miss out on World #makerfaire Live on http://twitch.tv/make  on 10/1-10/2 !pic.twitter.com/YR6muyAh2S",9/28/2016,TwitchCreates
264,Come see the Future Fab Lab and other #Kickstarted marvels at the @MakerFaire at @nysci this weekend: http://kck.st/2cZhDv9 pic.twitter.com/CY3hAgvhsW,9/29/2016,KickstarterDT
265,Team @Raspberry_Pi for #MakerFaire  NY 2016! Come visit us and tell us about your makes! pic.twitter.com/D5c0RK50R8,9/30/2016,MissPhilbin
266,Headed to #MakerFaire this weekend? So are we! What are you most excited to see? http://kck.st/2duOMEa pic.twitter.com/64jPL9mZ5a,9/30/2016,kickstarter
267,Team @Raspberry_Pi on its way to World @makerfaire New York! #MFNY16 #MakerFaire pic.twitter.com/v62HtQGiYg,9/30/2016,MattRichardson
268,Want to go to World @MakerFaire 2016 at @NYSCI? Win tickets here today! https://shar.es/1xzR3U  #WMF16 #makerfaire pic.twitter.com/6Joln1EiZ3,9/30/2016,MommyFactor
269,Getting a lot done on our booth setup for #clusterjunkgame! #makerfaire #makerfairelou #gamedev #warpzonelouisvillepic.twitter.com/mJ6Fgg91Qt,9/4/2016,TwoScoopGames
270,Grab your friends & get this #LaborDay Deal NOW 35% off select tix ends tonight 11:59PM. Code ComeMake. http://bit.ly/2cc9WVf   #makerfaire,9/5/2016,makerfaire
271,See how LEGOS help medical needs @Makerfaire NY in Make: Health. Lego Medical Models http://makerfaire.com/maker/entry/58330/ … via @makerfaire #makerfaire,9/5/2016,makerfaire
272,Many thanks to all of our sponsors for this year's #MakerFaire. Title Sponsor @firstbuild and Lead Sponsor @uofl.pic.twitter.com/r2GbqrgGvu,9/5/2016,MakerFaireLou
273,"""Brian is the human equivalent of a nuclear reactor"" Maker Spotlight: Brian Zweerink http://makezine.com/2016/09/05/maker-spotlight-brian-zweerink/ … #makerfaire #makers",9/5/2016,makerfaire
274,Heading to World @MakerFaire? Arduino is looking for volunteers! http://bit.ly/2c4qpYu  #WMF16pic.twitter.com/u38KeaHigd,9/6/2016,arduino
275,Come check out our game Are You With Us? At @MakerFaireLou Tomorrow!! #MakerFaire #louisville #indiedev #gamedevpic.twitter.com/7XwzSf477Q,9/9/2016,JoshGrilli
276,Check out the powerful new BeagleBoard X15 in http://BeagleBoard.org  booth today at #MakerFaire New York (Zone 3 by Maker to Market stage) pic.twitter.com/wKkviRfHyG,10/1/2016,beagleboardorg
277,Aaron & I will be speaking 10/8 @1pm at our local #MakerFaire & signing copies of #maker book at 2 pm in B&N booth! http://dentonmakerfaire.com/ pic.twitter.com/WGsKMaLsKP,10/1/2016,gravescolleen
278,"Join us for a powerful #NJLibChat on Tues, Oct 4 (8 PM EST) on the benefits of edcamps! #edcamp #edtech #njed #MakerFaire pic.twitter.com/xbgoOe2mUH",10/1/2016,kristawelz
279,"Day 1 of #MakerFaire is in the books. Time to get your groove on, like this #Intel Edison-powered spider bot! #WMF16 http://intel.com/edison pic.twitter.com/xeqUvq0yrn",10/1/2016,intel
280,The giant #3dprinter from @seemecnc is always fun to watch. 17 feet tall! #Makerfaire pic.twitter.com/rZMNqHGB9n,10/1/2016,calebkraft
281,"Start Saturday night early! With #Intel Joule & RealSense tech, Sota the bartender robot is ready to take your order. #MakerFaire #WMF16pic.twitter.com/5vHNdcc8pP",10/1/2016,intel
282,The World #MakerFaire is at the intersection of awesome.  #WMF16 @makerfaire pic.twitter.com/coc0LDpTu0,10/1/2016,Makerspaces_com
283,The @thudrumble crew has replaced the DJ laptop w/ the portable #Intel Edison and Joule modules. Seen here in action at #WFM16 #MakerFaire pic.twitter.com/gCW7bmPtXT,10/1/2016,intel
284,"Hello, @MakerFaire. #WMF16pic.twitter.com/ojoH8ApvoJ",10/1/2016,arduino
285,The @makerfaire onslaught is upon us! Come grab a sticker while we still have stock! #MFNY16 #mfny #MakerFaire pic.twitter.com/TAMjBH1G5x,10/1/2016,Raspberry_Pi
286,"MoDAR robot (from City Tech Makers) recognizes faces and says ""Got you!"" She's not creepy AT ALL. #MakerFaire pic.twitter.com/kv4xRqEroh",10/1/2016,PopSci
287,See #Arduino-based hardware from Rabid Prototypes (http://mchp.us/2dlvGQo ) at our booth in Zone 3 @makerfaire today and tomorrow #WMF16pic.twitter.com/ScaEzTpXs2,10/1/2016,MicrochipTech
288,Space Invaders IRL at #MakerFaire with @fatcatFABLAB's Hot Shot gamepic.twitter.com/7n6LK2KnOu – at New York Hall of Science,10/1/2016,PopSci
289,"Spiritual descendant of the Arduino GRANDE --awesome, huge Circuit Playground is awesome and huge! @adafruit @digikeyelectronics #makerfaire pic.twitter.com/fVqKRogH5X",10/1/2016,johnedgarpark
290,Don't miss our founder Ayah Bdeir speak in the place where it all began: MAKER FAIRE! #makerfaire #WMF16 http://buff.ly/2dgSqfp pic.twitter.com/KWNSqukHLI,10/1/2016,littleBits
291,My keynote for @makerfaire will be at the New York Hall of Science in about an hour. Hope to see you there! @MouserElec #MakerFaire,10/1/2016,grantimahara
292,.@MissPhilbin says hello at @makerfaire New York before the gates open and the crowds come in! #MakerFaire #MFNY16 #MFNYpic.twitter.com/W1jUompMCT,10/1/2016,Raspberry_Pi
293,Having fun with the new iPhone 7 Plus Portrait mode at Berlin Makerfaire. pic.twitter.com/TRQMfZw9ug,10/1/2016,map
294,Making wheelchairs great again!#MadeForMyWheelchair-Workshop auf der #MakerFaire in Berlin.#MFB16pic.twitter.com/KVLMrUEnqS,10/1/2016,raulde
295,If someone at the #MakerFaire wants to #charge his #smartphone: My electric #wheelchair has an #USB #charger! Just ask :-) #MFB16,10/1/2016,raulde
296,Coming ...#makerfaire #MFR16 #makers #romacontemporanea @RiccardoLuna @mbanzipic.twitter.com/OEH26d9WGA,10/12/2016,MakerFaireRome
297,I couldn't find an intro guide to #lasercutting design... so I wrote one.http://gettingsmart.com/2016/10/introduction-design-laser-cutter/ …#makered #makerspace #MakerFaire,10/13/2016,LindseyOwn
298,Makey the robot is excited to see what our 3D printer is making for the Mini Maker Faire in November!  #BNBUZZ #makerfaire #bnmake2016pic.twitter.com/JUZtvhH5cb,10/13/2016,BNPeabody
299,"Good luck to Maker Faires this weekend in Rome, Penang, Pittsburgh, Ottawa, Seoul, Aarhus, Colorado Springs and Rhode Island.  @makerfaire",10/14/2016,dalepd
300,GROUP SHOT AT THE @makerfaire IN PITTSBURGH TODAY! Fabulous day and fabulous weather! @EF_MS @mcperry705 @GOMV_EF @EFEAteachespic.twitter.com/h3iHHZOaez,10/14/2016,MrsBonatesta
301,A view of the first day @makerfaire Rome. Excited to have so many students visit us and look forward to another day of fun tomorrow! #MFR16pic.twitter.com/C1NyqwGpYj,10/14/2016,MicrochipTech
302,Making spectroscopes and speaker pillows! #makerfaire pic.twitter.com/qm2zSUZHia,10/14/2016,EFHSFabLab
303,Don't miss 'Preternatural' exhibition at @MakerFaireOTT this wkend — @AnoukWipprecht + more http://ow.ly/HrFR305b5T5  #MakerFaire #Ottawapic.twitter.com/ediYuX0Fvs,10/14/2016,make
304,It is @MakerFaireRomeHave a great event all my cool dear friends !#makerfaire #make #makers #MFR16 and    .. ..  ..   I will be back  ;)pic.twitter.com/dBWe4iIi7w,10/14/2016,InMoov
305,Learn about the shoreline Debris collecting robot at Maker Faire #makerfaire #MFO16 @MakerFaireOTT #roboticspic.twitter.com/dmHcVToPqx,10/15/2016,RobotMissions
306,Come to #MakerFaire #Ottawa today to see @SciTechMuseum & @SciTechPreserv do some awesome  #3D scanning & see how it applies to artifacts!!pic.twitter.com/gnZR1XkZIp,10/15/2016,L_DiVito
307,Silk thread measuring and spinning rig @MakerFaireRome #MFR16pic.twitter.com/89nKRaiQXS,10/15/2016,makerfaire
308,Loving these laser cut wooden bow ties at @makerfaire Rome. #mfr16pic.twitter.com/QTZIc16C44,10/15/2016,make
309,RT @sannmer: Hugs to the content man @alranel!! Amazing show @MakerFaireRome @MFR16 #MakerFaire cc @mbanzipic.twitter.com/y5EflJQmPI,10/16/2016,makerfaire
310,So pleased to have won our first official #MakerOfMerit ribbon at @MakerFaireRome #MFR16 #robotics #makerfaire pic.twitter.com/fLvtMkspYW,10/16/2016,MeArmTM
311,OMG biggest surprise @MakerFaireRome - giant laser cut wall of #MakerFaire around the world!! #MFR16 Can’t wait to show @SherryHusspic.twitter.com/yV4oSszhMX,10/16/2016,sannmer
312,Great molecular gastronomy demo by high school students @makerfairerome #MFR16 #MakerFaire pic.twitter.com/IANi5c57Kk,10/16/2016,sannmer
313,Bowie @RobotMissions hanging out with BB-8 @RimStarz at @MakerFaireOTT #MFO16 #makerfaire #robotspic.twitter.com/vXhvgSMGIF,10/16/2016,RobotGrrl
314,.@MakerFaireRome Day One http://ow.ly/7GPX305dNl2  #MFR16,10/16/2016,makerfaire
315,#Maker VIPs at #Pacificon! Welcome @AmyH70 (L) @jeriellsworth (R) to #HamRadio and #ARRL! We are thrilled to have you both! #MakerFaire #DIYpic.twitter.com/fFuANFBYXp,10/17/2016,arrl
316,Thank you Rome for all the love #MFR16 #MakeItYours #MasterCase #MakerFaire pic.twitter.com/xfRYJKs22r,10/17/2016,CoolerMaster
317,"Thanks everyone for joining us (in person or virtually) for another amazing World @makerfaire New York. See you next year! #MakerFaire https://twitter.com/mattrichardson/status/782712342920433667 …Raspberry Pi added,",10/2/2016,Raspberry_Pi
318,Thank you for an amazing time at #WMF16. See how we're powering the #maker community all year long at http://intel.com/maker . #MakerFaire pic.twitter.com/t8t21tUsNF,10/2/2016,intel
319,This wristband at #WMF16 plays music with your motion thanks to #Intel Curie & @FarnellNews tinyTILE. #MakerFaire http://intel.ly/1AB07pW pic.twitter.com/jZJLJ3E32P,10/2/2016,intel
320,"Mozzie, and I made it to #MakerFaire #WMF16. Our panel on The Accessible Future of #Neuroscience @ 4:45 in Aud 1! #openscience #mozfellows16pic.twitter.com/94fFQXxna2 – at New York Hall of Science",10/2/2016,teonbrooks
321,Editors Choice for @AddSharks & @msraynsford here @makerfaire #WMF16pic.twitter.com/EcrVdmBrCC,10/2/2016,AddSharks
322,Learn by doing !  This is why we love the #makerfaire.  Get hands-on and be a participant not just a spectator #wmf16 @makerfaire #makerEDpic.twitter.com/1DESsUlTAx,10/2/2016,Makerspaces_com
323,"Bikes, robots, SO many hands-on activities at World @makerfaire NY #WMF16 #makerfaire pic.twitter.com/kS4JuANAzu",10/2/2016,makerfaire
324,The @MakeCrate team helps kids learn electronics w/ Arduino 101 feat. the #Intel Curie module at #WMF16 #MakerFaire http://intel.com/arduino pic.twitter.com/3B42iygWDq,10/2/2016,intel
325,Yay @kimio_kosaka' @bottled_circuit got editors choice ribbon at @makerfaire  pic.twitter.com/Yc9Qpwt6T9,10/2/2016,kosamari
326,The Coolest Projects @MakerFaire NY 2016 http://www.pcmag.me/s/348388  via @PCMag #WMF16 #makerfaire,10/2/2016,makerfaire
327,#RaspberryPi guru @MattRichardson greeted fans with a smile as he signed books at our Meet the Maker tent. #BNMakeNYC #WMF16 #MakerFaire pic.twitter.com/MBG1EIrCpP,10/2/2016,BNBuzz
328,Go see @MattRichardson at @makerfaire's Show & Tell Stage at 11:30 (in 10 min). He's giving a intro to Raspberry Pi. pic.twitter.com/70OqGCnmB2,10/2/2016,Raspberry_Pi
329,"Morning, #MakerFaire! We're excited for another day of demos, innovative makers, and exciting #Intel tech. #WMF16 http://intel.com/maker pic.twitter.com/9ZhuSxfsZ9",10/2/2016,intel
330,"Presentations galore @makerfaire Ed Stage today! Come learn, get inspired, take tips & tricks back to your students. @MakerEdOrg #makeredpic.twitter.com/k8VecsNk7J",10/2/2016,MakerEdOrg
331,Here's what happens when @samalderhyde shows up at your event! #MakerFaire #wmfny16 @makerfaire pic.twitter.com/q59WNxCco3,10/2/2016,Raspberry_Pi
332,"‘Megachordotron’ is a Simple MIDI Controller Built with Teensy, First Seen at World #MakerFaire #WMF16http://adafru.it/rFg ",10/2/2016,adafruit
333,Got that @MakerFaireDERBY Thursday night feeling! Last few signs done #makerfaire #laminationstation #DMMF16pic.twitter.com/YFkE7WVU3C,10/20/2016,emma_hallam
334,"Our Mini @makerfaire is coming to all B&N stores nationwide on Nov 5th/6th! Fun events, cool toys/gear! http://www.barnesandnoble.com/h/makerfaire  #BNMake2016pic.twitter.com/yyLUgWEtiH",10/21/2016,BNBuzz
335,"BIG THANKS to everyone who got involved, had a go, supported us, had fun and learnt something new - YOU make Derby Mini #makerfaire #DMMF16pic.twitter.com/VPlACHwBo5",10/22/2016,MakerFaireDERBY
336,We're at Derby Mini MakerFaire! #DMMF16 @makerfairederby @thisIsbighakpic.twitter.com/EWuk0smwgg,10/22/2016,HackHitchin
337,Hung out at the @makerfaire today & helped my friend Sean keep an eye on the excited patchers and button-pushers playing w/ the modulars- pic.twitter.com/JxZwoFNvOd,10/23/2016,Synthestruct
338,The #Ghostbusters doll my kid made out of a decapitated Ariel Barbie & a firefighter at the Oakland mini #MakerFaire today #HackDisneypic.twitter.com/YWKaqk2LlD,10/23/2016,AyadeLeon
339,Perfect Maker Faire project on so many levels. Sharky-go-round by Kirk McNeill #ebmmf @makerfaire pic.twitter.com/HwNbpF16T3,10/23/2016,dalepd
340,#GlobalMakerDay is 2 days away! Register http://tiny.cc/gmd2016 #sunchat #edtech #MakerFaire #makerEDau #maker #leadupchat #digcit #tlchatpic.twitter.com/UZStpIzneR,10/23/2016,JaimeDonally
341,#GlobalMakerDay is TOMORROW! Register & join http://tiny.cc/gmd2016 #STEM #edtech #makerspace #makered #STEAM #CelebrateMonday #MakerFaire pic.twitter.com/IR62531Hew,10/24/2016,JaimeDonally
342,"If you build it, they will come. If you let them build it, they will learn. via @LFlemingEDU #maker #makerspace #makerfaire #CTMindset #csk8pic.twitter.com/7h4Ebpxi3y",10/27/2016,mraspinall
343,It's official! Next year's Maker Faire UK dates are confirmed. See you 01 - 02 April @scienceatlife.pic.twitter.com/dHpHrADIrP,10/27/2016,makerfaire_uk
344,When life gives you a giant stack of surplus Makerfaire flyers and you have a laser cutter... pic.twitter.com/S1urzIim3z,10/3/2016,qrs
345,"We build police-community relationships in MANY different ways! #MakerFaire @NYPD110Pcthttps://twitter.com/NYPD110Pct/status/782655152360652800 …NYPD NEWS added,",10/3/2016,NYPDnews
346,"Thanks everyone. Thanks #MakerFaire New York #WMF16.I and ""Bottled circuits"" go back to JPN with  the Ribbons now.  CU AGN good day.pic.twitter.com/cIuaHSENs1",10/3/2016,kimio_kosaka
347,What a fantastic group of health makers assembled in the Make Health this weekend at #MakerFaire #WMF16 Thank you!pic.twitter.com/vjAEEHUXVs,10/3/2016,jfgm
348, @Makerfaire was a blast! Thanks to everyone who checked out the @Kickstarter Future Fab Lab. Hope it inspired some fun project ideas!pic.twitter.com/k71GrF8zMA,10/3/2016,KickstarterDT
349,Remove the obstacles in the way. #tec207 #leadership #CelebrateMonday #edchat #MakerFaire #designthinking #satchatpic.twitter.com/rZBio1ymgu,10/3/2016,Glennr1809
350,Watch our 'Live from World @makerfaire 2016' video over on @YouTube now... now now now https://www.youtube.com/watch?v=Xu87I4JRRf8 …pic.twitter.com/X1H12aJklq,10/3/2016,Raspberry_Pi
351,Found some letters to decorate for our new elementary #school #MakerSpace! @Makerspaces_com @MakerspaceCT @makerfaire @makerfaire @makepic.twitter.com/QdXmzHXy1O,10/30/2016,MaureenDano
352,Got my @Raspberry_Pi Zero cozy in its new case. Thanks @Tormach! Great @makerfaire giveaway. pic.twitter.com/mW2gLX11OW,10/4/2016,msenese
353,"At @makerfaire this weekend, @fwdmedia & I met Click from @toool who taught us how to pick a lock in less than a minute.pic.twitter.com/EAOQQIKF7w",10/4/2016,shootbydaylight
354,Amazed by the one-chip #Arduino builds on display at #MakerFaire New York last weekend! via @pdp7pic.twitter.com/3Dx3I6HPLC,10/5/2016,oshpark
355,You Are Invited (to @make Cool Stuff): B&N's Mini @makerfaire Hits All B&N Stores on November 5th/6th! https://www.facebook.com/events/634223343418756/ … #BNMake2016pic.twitter.com/UCUMOAyIBo,10/5/2016,BNBuzz
356,#mooor is an @Arduino #MKR1000 #IoT #system created during #MFhome #residency come to see it @MakerFaireRome 14th 16th Oct #Rome #MakerFaire pic.twitter.com/DIBzOQlxze,10/5/2016,CasaJasmina
357,Sherry Huss speaking at Autodesk #designnight about Maker Faire. @make @makerfaire pic.twitter.com/uA5Mq8D33o,10/6/2016,dalepd
358,"Maker movement in China's classrooms: a boost to next generation of entrepreneurs, inventors @elonmusk #MakerFaire http://xhne.ws/CFCtI pic.twitter.com/STyxFc55a4",10/6/2016,XHNews
359,MaKey MaKey and #Makerspace thoughts from @vperezy #makered #makerfaire #stem #steam #csk8 #csforall #csfirstpic.twitter.com/x9r3e1l1yg,10/9/2016,mraspinall
360,Experience a world beyond your imagination with Utopia 360 at B&N's Mini @makerfaire this weekend! http://bn.com/makerfaire  #BNMake2016pic.twitter.com/EpejbAUxda,11/1/2016,BNBuzz
361,#AREG folks put in a solid day at #MakerFaire on the weekend: http://www.areg.org.au/archives/206430  #hamr #maker,11/10/2016,vk5fj
362,Just another day in PROJECT EXTRA'S Makerspace ...@Makerspaces_com @makerfaire pic.twitter.com/ccqPZIRu8Y,11/11/2016,AngelaAbend
363,What does #VR look like to 1st timers? AMD's Jason Evangelho headed to @BNBuzz's @MakerFaire to spread VR's magic: http://radeon.com/en-us/the-wonder-of-virtual-reality-shines-through-at-barnes-and-noble-mini-maker-faire/ …pic.twitter.com/vMsqV8myFd,11/11/2016,Radeon
364,Live broadcast from @MakerFaireHOU at 2 pm CST learn more about makers! #maker @makerfaire pic.twitter.com/h36ql0l4jg,11/12/2016,surlana
365,Today is volunteering at the #Houston #makerFaire with the family! pic.twitter.com/7kx65om7za,11/13/2016,ZeenigamiTV
366,The 2016 Speakers Program is now on Youtube free for you to enjoy!  https://www.youtube.com/playlist?list=PLb4aZCDl2g8I47q6hPMcl4hEP63VvMOtB … #makeshowtell #mfadl #makerfaire,11/13/2016,MakerFaireADL
367,Awesome to see @MakerFaireHOU get bigger and better every year! #MakerFaireHOU #makerfaire #Houstonpic.twitter.com/BpM1zDsWDo – at George R. Brown Convention Center,11/13/2016,gerty
368,How a Formlabs engineer assembled an R2-D2 model larger than the #Form2 build volume for this year's @makerfaire: http://bit.ly/2eoqHyw pic.twitter.com/1B5dG3VpWU,11/14/2016,formlabs
369,My @makerfaire Skirt #ledskirt #Bluetooth @RealSexyCyborg pic.twitter.com/EdW2mVlj27,11/15/2016,aikokamipl
370,From crafting to making: we all agree hands-on education can make the difference. #sis16 #MakerFaire @MakerFaireRome @Ffoodinstitutepic.twitter.com/5GIJh7nUYs,11/15/2016,ClaireCecchini
371,Early experiments on our new installation for @makerfaire_uk 2017. #excited #slightlyscaredpic.twitter.com/CYYUjRTI4c,11/16/2016,nustem_uk
372,"Help keep a @makerfaire in Calgary! https://twitter.com/MakerFaireYYC/status/799374990915170304 …Brian Jepson added,",11/17/2016,bjepson
373,#Bilbao #Spain #MakerFaire this wkend -> all about @MakerFaireBio on @make: http://ow.ly/Uc1W306hec pic.twitter.com/7HwGJSqQhE,11/17/2016,sannmer
374,Absolute best job title ever. #NYSCATE16 #makerfaire #rochestermakerfairepic.twitter.com/eiTkU0ZCoA,11/19/2016,kvirginiabond
375,An electronic sword seems like a project @DSBNAcademy students would be interested in @makerfaire @ihubNiagara @TROISMARTIN @crutherfordpic.twitter.com/Uk7Tf4utke,11/19/2016,JillRussell85
376,We’re set up at @ROCHMakerFaire! Come hang! #rocgamedev #roc #RMMF16 #makerfaire pic.twitter.com/FiCDP7a4Eo,11/19/2016,bclikesyou
377,At the Rochester Maker Faire? Stop by table 105 to take a photo and code your own Snapchat filter! @ROCHMakerFaire #RMMF16 #MakerFaire,11/19/2016,vidcode
378,".@aidanmarkham, @peterlazarski, @bclikesyou and I are live at #rmmf16 #makerfaire at the #RocGameDev booth! Come peep our games!  pic.twitter.com/TGgSNfXfnu",11/19/2016,20c109
379,This weekend - catch @SherryHuss and 100s of makers at @MakerFaireLille  http://ow.ly/GSTu305Nll1 pic.twitter.com/8AxoMVIVRg,11/2/2016,makerfaire
380,#nyscate16 10 and already killing it! #makerfaire pic.twitter.com/arau68ksp0,11/20/2016,HeatherATurner
381,Now @ntotao HAVE FUN!!! Thanks @piccolocafenyc @michelecmassari #NYC #foodmakers @Ffoodinstitute @makerfaire @eufoodmakers  @Foodinpro,11/20/2016,saroversi
382,Using moulded gelatine with the Makay Makey opens up so many possibilities for #DSBNmakers @thekylekitchen @whittic @makerfaire pic.twitter.com/FRmbudbqGJ,11/20/2016,JillRussell85
383,The Dutch social enterprise @fairphone is entering the Spanish market! Meet them at @makerfaire #bilbaomakerfaire #WeAreFairphonepic.twitter.com/k62BukcR9Z,11/20/2016,FestUpBCN
384,Here's a small taste of the action that happened this past weekend at the Rochester Mini Maker Faire this past Saturday. #makerfaire #rmmf16pic.twitter.com/VZPYO5tC3g,11/22/2016,MakerFaireRoc
385,Yay @KamigamiRobots Excited to show my Gr.3-4 @Tupper1930 class this! #STEAM rules! So glad I saw this @ NYC @makerfaire @TILTHRSB pic.twitter.com/ev1Ny8J2nW,11/23/2016,Lkennedy37
386,Jesus is putting his design skills to good use and getting crafty! If you were @makerfaire a few weeks ago it was hard to miss us! pic.twitter.com/lX0ZpG4Pzc,11/23/2016,voltera_io
387,The MATRIX Creator App Store (alpha) is here! http://apps.matrix.one  @Raspberry_Pi @Atmel @hacksterio @XilinxInc @makerfaire @HackerBoardspic.twitter.com/rvlsEb65uI,11/25/2016,MATRIX_Creator
388,We had an amazing @makerfaire at @BNBuzz Barnes & Noble a few weeks ago! Really looking forward to next year!  #dreambigbuildbiggerpic.twitter.com/XZkNizYlhy,11/27/2016,strawbees
389,More catapult fun ... even Makey got involved! @OaksSchool3 @makerfaire @pitscoedpic.twitter.com/ND4sQGFBmO,11/28/2016,AngelaAbend
390,#rover #cam #Maker Faire #Rome 2016 EU Edition #MakerFaire #MFR2016 #FPV #RC https://youtu.be/GgckM7y99zM  via @YouTube,11/28/2016,PaoloMirabelli1
391,"happy #MakerMonday everybody! today, @STEM_Claire, @J9Dias, and i had a very productive time planning for our #makerfaire! #STEMLC #PLTWpic.twitter.com/5PujjiiTgi",11/28/2016,JennaJKim
392,"This weekend!!  #Adelaide, Australia to Host the Largest #MakerFaire in Southern Hemispherehttp://ow.ly/pjME305QeXU   @MakerFaireADLpic.twitter.com/Khe19uqK73",11/3/2016,make
393,"Our interview from #wmf16 #makerfaire will be airing this wknd on FOX, find your local listing through the link below. https://twitter.com/XplorStation/status/802490271091003392 …NeuroTinker added,",11/30/2016,NeuroTinker
394,la talentueuse Team @mrobotmaker a son tattoo  vive les makers #mfl16 #makerfaire pic.twitter.com/OLsXkkoJ0m,11/4/2016,ouiaremakers
395,"For all you #makers out there. #makerfaire #makershttps://twitter.com/timoreilly/status/794380148640337920 …Maker Faire added,",11/4/2016,makerfaire
396,Join #Makers at 600+ @BNBuzz Mini @MakerFaire bookstore events this weekend! Nov. 5-6. http://www.barnesandnoble.com/h/makerfaire   #BNMake2016 #makerfaire pic.twitter.com/9Hs68qZmxQ,11/4/2016,makerfaire
397,"I'll be live tweeting tomorrow with @BNBuzz during their #makerfaire event. Come with questions and learn how I created @getringly!https://twitter.com/BNBuzz/status/794630308784119808 …Christina d'Avignon added,",11/4/2016,jetpea
398,Getting excited for this weekend's #BNMake2016 Mini #MakerFaire! Find #Makers at a store near you http://www.barnesandnoble.com/h/makerfaire pic.twitter.com/oKaaafmV2g,11/4/2016,make
399,"Makers gonna' make, make, make, ... @ksuiteach @makerfaire pic.twitter.com/tYIvkL60CD",11/5/2016,zlbrownschools
400,Thanks to the NanoGurus and Mayor James Barberio for coming to our Mini #MakerFaire today! pic.twitter.com/JIHGJ0Is2g,11/5/2016,BNMorrisPlains
401,Scenes of interactive learning from @BnBridgewater @makerfaire @strawbees @extraordinaires @Sphero @bloxelsbuilderpic.twitter.com/D6WuqZRLaC,11/5/2016,MaureenDano
402,We're just about to get making!  The fun starts at 11! #bnmake2016 #makerfaire #bnstatenislandpic.twitter.com/QaIeGnygLv,11/5/2016,BNStatenIsland
403,Selfies with Daleks at @MakerFaireADL! #doctorwho #drwho #exterminate #MFAdl #makeshowtell #makerfaire pic.twitter.com/xwfucrpzc2,11/5/2016,RubinaCarlson
404,Our robot team is sharing about @FIRSTweets at the #BNMake2016 MakerFaire! #FIRSTinTexas #AlamoFIRSTpic.twitter.com/9UgRlTN6Kj,11/5/2016,RoboticsFun
405,Kids enjoying the @littleBits steam set at our #makerfaire! #BNMake2016pic.twitter.com/jJ1UTTcjhh,11/5/2016,BNFullertonBuzz
406,"Robots, books, activities, and demos all day at Barnes & Noble!! Come enjoy your Saturday with us! #MakerFaire pic.twitter.com/r23Wxt10Ge",11/5/2016,RoHAWKtics3824
407,Join @Crafterina in-store @BNBuzz on the Upper West Side @MakerFaire this weekend! #BNMakerFaire #Ballet #HolidayGift #NYCpic.twitter.com/k1k6OJdXO1,11/5/2016,Crafterina
408,Having a great time trying to make baskets with marshmallows at the Katy ISD Maker Faire. #katyisd #katyisdlibrarians #makerfaire pic.twitter.com/ha6R4zDOVQ,11/5/2016,megan_chriss
409,Had a great time today at @MakerFaireADL. So many cool things to see and #3dprinting things to try out  #MFadl #MakerFaire pic.twitter.com/dOH3PZBKpP,11/5/2016,digitalbarnau
410,Judy from Bowling Green's @bigfablab is here presenting some maker projects for our #bnmake2016! #createbuildmake #makerfaire #northwestohiopic.twitter.com/EpyK0iR4EF,11/5/2016,BNMaumee
411,Westlake's FRC Robotics team showing their robot Scorpius at #BNMake2016 Hill Country Galleria mini @makerfaire @BNBuzzpic.twitter.com/dTnn74LXMq,11/5/2016,TimDeagan
412,Working at B&N today showing the @Raspberry_Pi - great time! #NJed #raspberrypi #makerfaire pic.twitter.com/pDESa0DgcW,11/6/2016,A_BildungSROMAN
413,Having fun with VR at the #MakerFaire #Bnmake2016pic.twitter.com/MlXhQjf3kq,11/6/2016,BNRoundRock
414,"These little makers say ""This is the best day ever!"" #BNMake2016 #makerspace #makerfaire #Ozobotpic.twitter.com/YWoO8qeV13",11/6/2016,BNPasadenaTexas
415,So much fun at mini @makerfaire ! #RangerPride @Sphero @WonderWorkshop @OZOBOT @stikbotpic.twitter.com/PzZEWyOpzH,11/6/2016,LKWDFutureClub
416,A VR experience of the library's MakerLab @BNBoise #MakerFaire #BoiseState ^avpic.twitter.com/7EGzladrqS,11/6/2016,BSULibrary
417,"dreaming up some designs for the #makerfaire. @STEM_Claire, @J9Dias... you ready? #PLTW #STEMLC #makerspic.twitter.com/Sq1tqSmCdu",11/6/2016,JennaJKim
418,Thanks to @Raspberry_Pi and @BNBuzz for the mini #makerfaire session today! pic.twitter.com/DbkkT7Erog,11/6/2016,DBAKevlar
419,A few HAB pix @BNBuzz @makerfaire. @FTC5135 & @Guzzoline7300 cameras took great photos. Find the moon! @VirginiaFIRST #FTCteams @news5wcybpic.twitter.com/DQv1mg4lFS,11/6/2016,FTCTeam7090
420,Promising not to burn down the @BNSunsetValley Barnes&Nobles @BNBuzz #BNMake2016 Mini @MakerFaire. Lots of @Make fans out & about!pic.twitter.com/bOSDl25Gn1,11/6/2016,TimDeagan
421,Barnes & Noble Mini MakerFaire @BNBuzz #BNMake2016 #nyedchat #BloxelsEDU @bloxelsbuilder #sunchat @BNFifthAvenuepic.twitter.com/V3SbnOZLCl,11/6/2016,robert_kalman
422,"Call for Makers - DTLA Mini Maker Faire, submit by Nov. 18th #makerfaire @laplcentralhttp://lapl.me/PFvQcOR pic.twitter.com/WckbOfjqcl",11/9/2016,LAPublicLibrary
423,"Go watch @smartereveryday play with a handheld tesla coil! https://www.youtube.com/watch?v=_fTC_Ud_k3U … Destin, have you been to @makerfaire?",12/1/2016,make
424,Q3. According to you who's a maker? @IndiaMaker @makersasylum @makerfaire @ajityohannan @NASSCOMStartUps @PrathibhaSastry #MakerFest,12/10/2016,eChaiNetwork
425,Did you miss @makerfaire NY 2016? Well luckily @pressreset has you covered with his awesome #3DPrinting Interviews https://goo.gl/y8yDFA  !,12/14/2016,makersmuse
426,Check out this huge pinball machine interactive @Macys window in NYC! @MakerEdOrg @make @makeymakey @makerfaire @LongIslandLEADSpic.twitter.com/Rsc7XE7JrO,12/17/2016,lieberrian
427,The Call for Volunteers is open! Could you help us run Maker Faire UK 2017?http://bit.ly/1LbacAP ,12/17/2016,makerfaire_uk
428,Here's a throwback to @GameofDrones at @MakerFaire 2014. If it flies it fights. http://bit.ly/2huluWs pic.twitter.com/JqrahmX3Eg,12/18/2016,techshop
429,Playing music with bananas and cups of water. @PontiacElem @Itecswick @MrsMRYoung #richlandtwo # Makerfaire pic.twitter.com/Br8rEToocs,12/2/2016,chuckholland
430,3d printing with 3Doodler @PontiacElem @MrsMRYoung @Itecswick #makerfaire #richlandtwopic.twitter.com/qAaIVR2tS8,12/2/2016,chuckholland
431,Make: Education Newsletter -- Learning Through Making and Sharing. http://whtc.co/br1q  #makerfaire #kids #Education #families,12/21/2016,makerfaire
432,Very cool @PhilB3010 .. it makes me think of the #megabot of #Autodesk at the San Mateo Makerfaire in 2015  :) pic.twitter.com/32iS0oS3tZ,12/21/2016,InMoov
433,"When maker kids make maker gifts ....I love my flowers, Ellie! @Makerspaces_com @makerfaire pic.twitter.com/xDrGRzRwT4",12/22/2016,AngelaAbend
434,Students who enter the filmMAKER Challenge have a chance to attend the 2017 @MakerFaire! http://bit.ly/2hIoazE  #makeredpic.twitter.com/c8mDIAnxxR,12/23/2016,DigitalPromise
435,Happy Holi-DIY. Thanks for all your support this year. We can't wait to see you in 2017. #makerfaire #makermovement #makers #holidayspic.twitter.com/wTspXlMFKI,12/24/2016,makerfaire
436,"Happy Holidays friends, Makers and family!  Wishing you the best this holiday season!  Hope to see you at a #MakerFaire in 2017! #keepmakingpic.twitter.com/I4lZXRU3r0",12/24/2016,SherryHuss
437,#MakerFaire fun and innovative activities till 3pm. pic.twitter.com/sS5jfBVAvM,12/3/2016,LAPublicLibrary
438,#MakerFaire The fun continues in the Rotunda. pic.twitter.com/NSnc3yn1oQ,12/3/2016,LAPublicLibrary
439,"Maker Faire Chengdu is open now on Sunday morning.  Welcome humans, robots and various combinations.  #makerfaire pic.twitter.com/9x6TyHAbbq",12/3/2016,dalepd
440,"Core group of makers in Chengdu, members of local makerspaces and University lab. Maker Faire Chengdu.  #makerfaire. pic.twitter.com/mpE6njBdZ5",12/3/2016,dalepd
441,#missvelvetcream #fashiontech #collab with @kathblair for @makefashionCA at @makerfaire #Chengdu video by @dalepd #neocouture #wearabletechpic.twitter.com/gGROLJNVEV,12/6/2016,missvelvetcream
442,The Bearcat Bomber longboard is ready 4 student artwork . Displayed at school makerfaire perhaps? @ISManilaHS  #skateboardingpic.twitter.com/t4xc2oizMm,12/6/2016,ringodin
443,Woohoo! Thank you! We've reached over 100% last night! #MakerFaire #YYC is going to be AWESOME in 2017!https://www.albertaboostr.ca/campaign/?id=78c1bc56-8c9f-e611-80c5-0cc47a696e6d … cc @nenshipic.twitter.com/MX8HF9U84k,12/7/2016,MakerFaireYYC
444,"CDC hosted its first #MakerFaire event Nov 10. Attendees celebrated & showcased DIY via 3D printing, BIO & digital making, design & more. pic.twitter.com/Qs8f1oo1bF",12/8/2016,CDC_eHealth
445,"Join us today @makewithWP @IndiaMaker @makersasylum @makerfaire @2050City @ajityohannan @NASSCOMStartUps @PrathibhaSastry @sohil_4932https://twitter.com/eChaiVentures/status/807463100366651392 …Chaitya Shah added,",12/9/2016,chaitya_shah
446,Make sure your coding toy gifts last and last and last @forbes http://www.forbes.com/sites/jennchoi/2016/12/09/five-tips-to-secure-coding-toy-success/#7c5934742c8a … @arduinoorg @makerfaire @getpitop @primotoys @intel,12/9/2016,toysastools
